folder,id,folder,name
n01440764,1,n01440764,"tench, Tinca tinca"
n01443537,2,n01443537,"goldfish, Carassius auratus"
n01484850,3,n01484850,"great white shark, white shark, man-eater, man-eating shark, Carcharodon carcharias"
n01491361,4,n01491361,"tiger shark, Galeocerdo cuvieri"
n01494475,5,n01494475,"hammerhead, hammerhead shark"
n01496331,6,n01496331,"electric ray, crampfish, numbfish, torpedo"
n01498041,7,n01498041,stingray
n01514668,8,n01514668,cock
n01514859,9,n01514859,hen
n01518878,10,n01518878,"ostrich, Struthio camelus"
n01530575,11,n01530575,"brambling, Fringilla montifringilla"
n01531178,12,n01531178,"goldfinch, Carduelis carduelis"
n01532829,13,n01532829,"house finch, linnet, Carpodacus mexicanus"
n01534433,14,n01534433,"junco, snowbird"
n01537544,15,n01537544,"indigo bunting, indigo finch, indigo bird, Passerina cyanea"
n01558993,16,n01558993,"robin, American robin, Turdus migratorius"
n01560419,17,n01560419,bulbul
n01580077,18,n01580077,jay
n01582220,19,n01582220,magpie
n01592084,20,n01592084,chickadee
n01601694,21,n01601694,"water ouzel, dipper"
n01608432,22,n01608432,kite
n01614925,23,n01614925,"bald eagle, American eagle, Haliaeetus leucocephalus"
n01616318,24,n01616318,vulture
n01622779,25,n01622779,"great grey owl, great gray owl, Strix nebulosa"
n01629819,26,n01629819,"European fire salamander, Salamandra salamandra"
n01630670,27,n01630670,"common newt, Triturus vulgaris"
n01631663,28,n01631663,eft
n01632458,29,n01632458,"spotted salamander, Ambystoma maculatum"
n01632777,30,n01632777,"axolotl, mud puppy, Ambystoma mexicanum"
n01641577,31,n01641577,"bullfrog, Rana catesbeiana"
n01644373,32,n01644373,"tree frog, tree-frog"
n01644900,33,n01644900,"tailed frog, bell toad, ribbed toad, tailed toad, Ascaphus trui"
n01664065,34,n01664065,"loggerhead, loggerhead turtle, Caretta caretta"
n01665541,35,n01665541,"leatherback turtle, leatherback, leathery turtle, Dermochelys coriacea"
n01667114,36,n01667114,mud turtle
n01667778,37,n01667778,terrapin
n01669191,38,n01669191,"box turtle, box tortoise"
n01675722,39,n01675722,banded gecko
n01677366,40,n01677366,"common iguana, iguana, Iguana iguana"
n01682714,41,n01682714,"American chameleon, anole, Anolis carolinensis"
n01685808,42,n01685808,"whiptail, whiptail lizard"
n01687978,43,n01687978,agama
n01688243,44,n01688243,"frilled lizard, Chlamydosaurus kingi"
n01689811,45,n01689811,alligator lizard
n01692333,46,n01692333,"Gila monster, Heloderma suspectum"
n01693334,47,n01693334,"green lizard, Lacerta viridis"
n01694178,48,n01694178,"African chameleon, Chamaeleo chamaeleon"
n01695060,49,n01695060,"Komodo dragon, Komodo lizard, dragon lizard, giant lizard, Varanus komodoensis"
n01697457,50,n01697457,"African crocodile, Nile crocodile, Crocodylus niloticus"
n01698640,51,n01698640,"American alligator, Alligator mississipiensis"
n01704323,52,n01704323,triceratops
n01728572,53,n01728572,"thunder snake, worm snake, Carphophis amoenus"
n01728920,54,n01728920,"ringneck snake, ring-necked snake, ring snake"
n01729322,55,n01729322,"hognose snake, puff adder, sand viper"
n01729977,56,n01729977,"green snake, grass snake"
n01734418,57,n01734418,"king snake, kingsnake"
n01735189,58,n01735189,"garter snake, grass snake"
n01737021,59,n01737021,water snake
n01739381,60,n01739381,vine snake
n01740131,61,n01740131,"night snake, Hypsiglena torquata"
n01742172,62,n01742172,"boa constrictor, Constrictor constrictor"
n01744401,63,n01744401,"rock python, rock snake, Python sebae"
n01748264,64,n01748264,"Indian cobra, Naja naja"
n01749939,65,n01749939,green mamba
n01751748,66,n01751748,sea snake
n01753488,67,n01753488,"horned viper, cerastes, sand viper, horned asp, Cerastes cornutus"
n01755581,68,n01755581,"diamondback, diamondback rattlesnake, Crotalus adamanteus"
n01756291,69,n01756291,"sidewinder, horned rattlesnake, Crotalus cerastes"
n01768244,70,n01768244,trilobite
n01770081,71,n01770081,"harvestman, daddy longlegs, Phalangium opilio"
n01770393,72,n01770393,scorpion
n01773157,73,n01773157,"black and gold garden spider, Argiope aurantia"
n01773549,74,n01773549,"barn spider, Araneus cavaticus"
n01773797,75,n01773797,"garden spider, Aranea diademata"
n01774384,76,n01774384,"black widow, Latrodectus mactans"
n01774750,77,n01774750,tarantula
n01775062,78,n01775062,"wolf spider, hunting spider"
n01776313,79,n01776313,tick
n01784675,80,n01784675,centipede
n01795545,81,n01795545,black grouse
n01796340,82,n01796340,ptarmigan
n01797886,83,n01797886,"ruffed grouse, partridge, Bonasa umbellus"
n01798484,84,n01798484,"prairie chicken, prairie grouse, prairie fowl"
n01806143,85,n01806143,peacock
n01806567,86,n01806567,quail
n01807496,87,n01807496,partridge
n01817953,88,n01817953,"African grey, African gray, Psittacus erithacus"
n01818515,89,n01818515,macaw
n01819313,90,n01819313,"sulphur-crested cockatoo, Kakatoe galerita, Cacatua galerita"
n01820546,91,n01820546,lorikeet
n01824575,92,n01824575,coucal
n01828970,93,n01828970,bee eater
n01829413,94,n01829413,hornbill
n01833805,95,n01833805,hummingbird
n01843065,96,n01843065,jacamar
n01843383,97,n01843383,toucan
n01847000,98,n01847000,drake
n01855032,99,n01855032,"red-breasted merganser, Mergus serrator"
n01855672,100,n01855672,goose
n01860187,101,n01860187,"black swan, Cygnus atratus"
n01871265,102,n01871265,tusker
n01872401,103,n01872401,"echidna, spiny anteater, anteater"
n01873310,104,n01873310,"platypus, duckbill, duckbilled platypus, duck-billed platypus, Ornithorhynchus anatinus"
n01877812,105,n01877812,"wallaby, brush kangaroo"
n01882714,106,n01882714,"koala, koala bear, kangaroo bear, native bear, Phascolarctos cinereus"
n01883070,107,n01883070,wombat
n01910747,108,n01910747,jellyfish
n01914609,109,n01914609,"sea anemone, anemone"
n01917289,110,n01917289,brain coral
n01924916,111,n01924916,"flatworm, platyhelminth"
n01930112,112,n01930112,"nematode, nematode worm, roundworm"
n01943899,113,n01943899,conch
n01944390,114,n01944390,snail
n01945685,115,n01945685,slug
n01950731,116,n01950731,"sea slug, nudibranch"
n01955084,117,n01955084,"chiton, coat-of-mail shell, sea cradle, polyplacophore"
n01968897,118,n01968897,"chambered nautilus, pearly nautilus, nautilus"
n01978287,119,n01978287,"Dungeness crab, Cancer magister"
n01978455,120,n01978455,"rock crab, Cancer irroratus"
n01980166,121,n01980166,fiddler crab
n01981276,122,n01981276,"king crab, Alaska crab, Alaskan king crab, Alaska king crab, Paralithodes camtschatica"
n01983481,123,n01983481,"American lobster, Northern lobster, Maine lobster, Homarus americanus"
n01984695,124,n01984695,"spiny lobster, langouste, rock lobster, crawfish, crayfish, sea crawfish"
n01985128,125,n01985128,"crayfish, crawfish, crawdad, crawdaddy"
n01986214,126,n01986214,hermit crab
n01990800,127,n01990800,isopod
n02002556,128,n02002556,"white stork, Ciconia ciconia"
n02002724,129,n02002724,"black stork, Ciconia nigra"
n02006656,130,n02006656,spoonbill
n02007558,131,n02007558,flamingo
n02009229,132,n02009229,"little blue heron, Egretta caerulea"
n02009912,133,n02009912,"American egret, great white heron, Egretta albus"
n02011460,134,n02011460,bittern
n02012849,135,n02012849,crane
n02013706,136,n02013706,"limpkin, Aramus pictus"
n02017213,137,n02017213,"European gallinule, Porphyrio porphyrio"
n02018207,138,n02018207,"American coot, marsh hen, mud hen, water hen, Fulica americana"
n02018795,139,n02018795,bustard
n02025239,140,n02025239,"ruddy turnstone, Arenaria interpres"
n02027492,141,n02027492,"red-backed sandpiper, dunlin, Erolia alpina"
n02028035,142,n02028035,"redshank, Tringa totanus"
n02033041,143,n02033041,dowitcher
n02037110,144,n02037110,"oystercatcher, oyster catcher"
n02051845,145,n02051845,pelican
n02056570,146,n02056570,"king penguin, Aptenodytes patagonica"
n02058221,147,n02058221,"albatross, mollymawk"
n02066245,148,n02066245,"grey whale, gray whale, devilfish, Eschrichtius gibbosus, Eschrichtius robustus"
n02071294,149,n02071294,"killer whale, killer, orca, grampus, sea wolf, Orcinus orca"
n02074367,150,n02074367,"dugong, Dugong dugon"
n02077923,151,n02077923,sea lion
n02085620,152,n02085620,Chihuahua
n02085782,153,n02085782,Japanese spaniel
n02085936,154,n02085936,"Maltese dog, Maltese terrier, Maltese"
n02086079,155,n02086079,"Pekinese, Pekingese, Peke"
n02086240,156,n02086240,Shih-Tzu
n02086646,157,n02086646,Blenheim spaniel
n02086910,158,n02086910,papillon
n02087046,159,n02087046,toy terrier
n02087394,160,n02087394,Rhodesian ridgeback
n02088094,161,n02088094,"Afghan hound, Afghan"
n02088238,162,n02088238,"basset, basset hound"
n02088364,163,n02088364,beagle
n02088466,164,n02088466,"bloodhound, sleuthhound"
n02088632,165,n02088632,bluetick
n02089078,166,n02089078,black-and-tan coonhound
n02089867,167,n02089867,"Walker hound, Walker foxhound"
n02089973,168,n02089973,English foxhound
n02090379,169,n02090379,redbone
n02090622,170,n02090622,"borzoi, Russian wolfhound"
n02090721,171,n02090721,Irish wolfhound
n02091032,172,n02091032,Italian greyhound
n02091134,173,n02091134,whippet
n02091244,174,n02091244,"Ibizan hound, Ibizan Podenco"
n02091467,175,n02091467,"Norwegian elkhound, elkhound"
n02091635,176,n02091635,"otterhound, otter hound"
n02091831,177,n02091831,"Saluki, gazelle hound"
n02092002,178,n02092002,"Scottish deerhound, deerhound"
n02092339,179,n02092339,Weimaraner
n02093256,180,n02093256,"Staffordshire bullterrier, Staffordshire bull terrier"
n02093428,181,n02093428,"American Staffordshire terrier, Staffordshire terrier, American pit bull terrier, pit bull terrier"
n02093647,182,n02093647,Bedlington terrier
n02093754,183,n02093754,Border terrier
n02093859,184,n02093859,Kerry blue terrier
n02093991,185,n02093991,Irish terrier
n02094114,186,n02094114,Norfolk terrier
n02094258,187,n02094258,Norwich terrier
n02094433,188,n02094433,Yorkshire terrier
n02095314,189,n02095314,wire-haired fox terrier
n02095570,190,n02095570,Lakeland terrier
n02095889,191,n02095889,"Sealyham terrier, Sealyham"
n02096051,192,n02096051,"Airedale, Airedale terrier"
n02096177,193,n02096177,"cairn, cairn terrier"
n02096294,194,n02096294,Australian terrier
n02096437,195,n02096437,"Dandie Dinmont, Dandie Dinmont terrier"
n02096585,196,n02096585,"Boston bull, Boston terrier"
n02097047,197,n02097047,miniature schnauzer
n02097130,198,n02097130,giant schnauzer
n02097209,199,n02097209,standard schnauzer
n02097298,200,n02097298,"Scotch terrier, Scottish terrier, Scottie"
n02097474,201,n02097474,"Tibetan terrier, chrysanthemum dog"
n02097658,202,n02097658,"silky terrier, Sydney silky"
n02098105,203,n02098105,soft-coated wheaten terrier
n02098286,204,n02098286,West Highland white terrier
n02098413,205,n02098413,"Lhasa, Lhasa apso"
n02099267,206,n02099267,flat-coated retriever
n02099429,207,n02099429,curly-coated retriever
n02099601,208,n02099601,golden retriever
n02099712,209,n02099712,Labrador retriever
n02099849,210,n02099849,Chesapeake Bay retriever
n02100236,211,n02100236,German short-haired pointer
n02100583,212,n02100583,"vizsla, Hungarian pointer"
n02100735,213,n02100735,English setter
n02100877,214,n02100877,"Irish setter, red setter"
n02101006,215,n02101006,Gordon setter
n02101388,216,n02101388,Brittany spaniel
n02101556,217,n02101556,"clumber, clumber spaniel"
n02102040,218,n02102040,"English springer, English springer spaniel"
n02102177,219,n02102177,Welsh springer spaniel
n02102318,220,n02102318,"cocker spaniel, English cocker spaniel, cocker"
n02102480,221,n02102480,Sussex spaniel
n02102973,222,n02102973,Irish water spaniel
n02104029,223,n02104029,kuvasz
n02104365,224,n02104365,schipperke
n02105056,225,n02105056,groenendael
n02105162,226,n02105162,malinois
n02105251,227,n02105251,briard
n02105412,228,n02105412,kelpie
n02105505,229,n02105505,komondor
n02105641,230,n02105641,"Old English sheepdog, bobtail"
n02105855,231,n02105855,"Shetland sheepdog, Shetland sheep dog, Shetland"
n02106030,232,n02106030,collie
n02106166,233,n02106166,Border collie
n02106382,234,n02106382,"Bouvier des Flandres, Bouviers des Flandres"
n02106550,235,n02106550,Rottweiler
n02106662,236,n02106662,"German shepherd, German shepherd dog, German police dog, alsatian"
n02107142,237,n02107142,"Doberman, Doberman pinscher"
n02107312,238,n02107312,miniature pinscher
n02107574,239,n02107574,Greater Swiss Mountain dog
n02107683,240,n02107683,Bernese mountain dog
n02107908,241,n02107908,Appenzeller
n02108000,242,n02108000,EntleBucher
n02108089,243,n02108089,boxer
n02108422,244,n02108422,bull mastiff
n02108551,245,n02108551,Tibetan mastiff
n02108915,246,n02108915,French bulldog
n02109047,247,n02109047,Great Dane
n02109525,248,n02109525,"Saint Bernard, St Bernard"
n02109961,249,n02109961,"Eskimo dog, husky"
n02110063,250,n02110063,"malamute, malemute, Alaskan malamute"
n02110185,251,n02110185,Siberian husky
n02110341,252,n02110341,"dalmatian, coach dog, carriage dog"
n02110627,253,n02110627,"affenpinscher, monkey pinscher, monkey dog"
n02110806,254,n02110806,basenji
n02110958,255,n02110958,"pug, pug-dog"
n02111129,256,n02111129,Leonberg
n02111277,257,n02111277,"Newfoundland, Newfoundland dog"
n02111500,258,n02111500,Great Pyrenees
n02111889,259,n02111889,"Samoyed, Samoyede"
n02112018,260,n02112018,Pomeranian
n02112137,261,n02112137,"chow, chow chow"
n02112350,262,n02112350,keeshond
n02112706,263,n02112706,Brabancon griffon
n02113023,264,n02113023,"Pembroke, Pembroke Welsh corgi"
n02113186,265,n02113186,"Cardigan, Cardigan Welsh corgi"
n02113624,266,n02113624,toy poodle
n02113712,267,n02113712,miniature poodle
n02113799,268,n02113799,standard poodle
n02113978,269,n02113978,Mexican hairless
n02114367,270,n02114367,"timber wolf, grey wolf, gray wolf, Canis lupus"
n02114548,271,n02114548,"white wolf, Arctic wolf, Canis lupus tundrarum"
n02114712,272,n02114712,"red wolf, maned wolf, Canis rufus, Canis niger"
n02114855,273,n02114855,"coyote, prairie wolf, brush wolf, Canis latrans"
n02115641,274,n02115641,"dingo, warrigal, warragal, Canis dingo"
n02115913,275,n02115913,"dhole, Cuon alpinus"
n02116738,276,n02116738,"African hunting dog, hyena dog, Cape hunting dog, Lycaon pictus"
n02117135,277,n02117135,"hyena, hyaena"
n02119022,278,n02119022,"red fox, Vulpes vulpes"
n02119789,279,n02119789,"kit fox, Vulpes macrotis"
n02120079,280,n02120079,"Arctic fox, white fox, Alopex lagopus"
n02120505,281,n02120505,"grey fox, gray fox, Urocyon cinereoargenteus"
n02123045,282,n02123045,"tabby, tabby cat"
n02123159,283,n02123159,tiger cat
n02123394,284,n02123394,Persian cat
n02123597,285,n02123597,"Siamese cat, Siamese"
n02124075,286,n02124075,Egyptian cat
n02125311,287,n02125311,"cougar, puma, catamount, mountain lion, painter, panther, Felis concolor"
n02127052,288,n02127052,"lynx, catamount"
n02128385,289,n02128385,"leopard, Panthera pardus"
n02128757,290,n02128757,"snow leopard, ounce, Panthera uncia"
n02128925,291,n02128925,"jaguar, panther, Panthera onca, Felis onca"
n02129165,292,n02129165,"lion, king of beasts, Panthera leo"
n02129604,293,n02129604,"tiger, Panthera tigris"
n02130308,294,n02130308,"cheetah, chetah, Acinonyx jubatus"
n02132136,295,n02132136,"brown bear, bruin, Ursus arctos"
n02133161,296,n02133161,"American black bear, black bear, Ursus americanus, Euarctos americanus"
n02134084,297,n02134084,"ice bear, polar bear, Ursus Maritimus, Thalarctos maritimus"
n02134418,298,n02134418,"sloth bear, Melursus ursinus, Ursus ursinus"
n02137549,299,n02137549,mongoose
n02138441,300,n02138441,"meerkat, mierkat"
n02165105,301,n02165105,tiger beetle
n02165456,302,n02165456,"ladybug, ladybeetle, lady beetle, ladybird, ladybird beetle"
n02167151,303,n02167151,"ground beetle, carabid beetle"
n02168699,304,n02168699,"long-horned beetle, longicorn, longicorn beetle"
n02169497,305,n02169497,"leaf beetle, chrysomelid"
n02172182,306,n02172182,dung beetle
n02174001,307,n02174001,rhinoceros beetle
n02177972,308,n02177972,weevil
n02190166,309,n02190166,fly
n02206856,310,n02206856,bee
n02219486,311,n02219486,"ant, emmet, pismire"
n02226429,312,n02226429,"grasshopper, hopper"
n02229544,313,n02229544,cricket
n02231487,314,n02231487,"walking stick, walkingstick, stick insect"
n02233338,315,n02233338,"cockroach, roach"
n02236044,316,n02236044,"mantis, mantid"
n02256656,317,n02256656,"cicada, cicala"
n02259212,318,n02259212,leafhopper
n02264363,319,n02264363,"lacewing, lacewing fly"
n02268443,320,n02268443,"dragonfly, darning needle, devil's darning needle, sewing needle, snake feeder, snake doctor, mosquito hawk, skeeter hawk"
n02268853,321,n02268853,damselfly
n02276258,322,n02276258,admiral
n02277742,323,n02277742,"ringlet, ringlet butterfly"
n02279972,324,n02279972,"monarch, monarch butterfly, milkweed butterfly, Danaus plexippus"
n02280649,325,n02280649,cabbage butterfly
n02281406,326,n02281406,"sulphur butterfly, sulfur butterfly"
n02281787,327,n02281787,"lycaenid, lycaenid butterfly"
n02317335,328,n02317335,"starfish, sea star"
n02319095,329,n02319095,sea urchin
n02321529,330,n02321529,"sea cucumber, holothurian"
n02325366,331,n02325366,"wood rabbit, cottontail, cottontail rabbit"
n02326432,332,n02326432,hare
n02328150,333,n02328150,"Angora, Angora rabbit"
n02342885,334,n02342885,hamster
n02346627,335,n02346627,"porcupine, hedgehog"
n02356798,336,n02356798,"fox squirrel, eastern fox squirrel, Sciurus niger"
n02361337,337,n02361337,marmot
n02363005,338,n02363005,beaver
n02364673,339,n02364673,"guinea pig, Cavia cobaya"
n02389026,340,n02389026,sorrel
n02391049,341,n02391049,zebra
n02395406,342,n02395406,"hog, pig, grunter, squealer, Sus scrofa"
n02396427,343,n02396427,"wild boar, boar, Sus scrofa"
n02397096,344,n02397096,warthog
n02398521,345,n02398521,"hippopotamus, hippo, river horse, Hippopotamus amphibius"
n02403003,346,n02403003,ox
n02408429,347,n02408429,"water buffalo, water ox, Asiatic buffalo, Bubalus bubalis"
n02410509,348,n02410509,bison
n02412080,349,n02412080,"ram, tup"
n02415577,350,n02415577,"bighorn, bighorn sheep, cimarron, Rocky Mountain bighorn, Rocky Mountain sheep, Ovis canadensis"
n02417914,351,n02417914,"ibex, Capra ibex"
n02422106,352,n02422106,hartebeest
n02422699,353,n02422699,"impala, Aepyceros melampus"
n02423022,354,n02423022,gazelle
n02437312,355,n02437312,"Arabian camel, dromedary, Camelus dromedarius"
n02437616,356,n02437616,llama
n02441942,357,n02441942,weasel
n02442845,358,n02442845,mink
n02443114,359,n02443114,"polecat, fitch, foulmart, foumart, Mustela putorius"
n02443484,360,n02443484,"black-footed ferret, ferret, Mustela nigripes"
n02444819,361,n02444819,otter
n02445715,362,n02445715,"skunk, polecat, wood pussy"
n02447366,363,n02447366,badger
n02454379,364,n02454379,armadillo
n02457408,365,n02457408,"three-toed sloth, ai, Bradypus tridactylus"
n02480495,366,n02480495,"orangutan, orang, orangutang, Pongo pygmaeus"
n02480855,367,n02480855,"gorilla, Gorilla gorilla"
n02481823,368,n02481823,"chimpanzee, chimp, Pan troglodytes"
n02483362,369,n02483362,"gibbon, Hylobates lar"
n02483708,370,n02483708,"siamang, Hylobates syndactylus, Symphalangus syndactylus"
n02484975,371,n02484975,"guenon, guenon monkey"
n02486261,372,n02486261,"patas, hussar monkey, Erythrocebus patas"
n02486410,373,n02486410,baboon
n02487347,374,n02487347,macaque
n02488291,375,n02488291,langur
n02488702,376,n02488702,"colobus, colobus monkey"
n02489166,377,n02489166,"proboscis monkey, Nasalis larvatus"
n02490219,378,n02490219,marmoset
n02492035,379,n02492035,"capuchin, ringtail, Cebus capucinus"
n02492660,380,n02492660,"howler monkey, howler"
n02493509,381,n02493509,"titi, titi monkey"
n02493793,382,n02493793,"spider monkey, Ateles geoffroyi"
n02494079,383,n02494079,"squirrel monkey, Saimiri sciureus"
n02497673,384,n02497673,"Madagascar cat, ring-tailed lemur, Lemur catta"
n02500267,385,n02500267,"indri, indris, Indri indri, Indri brevicaudatus"
n02504013,386,n02504013,"Indian elephant, Elephas maximus"
n02504458,387,n02504458,"African elephant, Loxodonta africana"
n02509815,388,n02509815,"lesser panda, red panda, panda, bear cat, cat bear, Ailurus fulgens"
n02510455,389,n02510455,"giant panda, panda, panda bear, coon bear, Ailuropoda melanoleuca"
n02514041,390,n02514041,"barracouta, snoek"
n02526121,391,n02526121,eel
n02536864,392,n02536864,"coho, cohoe, coho salmon, blue jack, silver salmon, Oncorhynchus kisutch"
n02606052,393,n02606052,"rock beauty, Holocanthus tricolor"
n02607072,394,n02607072,anemone fish
n02640242,395,n02640242,sturgeon
n02641379,396,n02641379,"gar, garfish, garpike, billfish, Lepisosteus osseus"
n02643566,397,n02643566,lionfish
n02655020,398,n02655020,"puffer, pufferfish, blowfish, globefish"
n02666196,399,n02666196,abacus
n02667093,400,n02667093,abaya
n02669723,401,n02669723,"academic gown, academic robe, judge's robe"
n02672831,402,n02672831,"accordion, piano accordion, squeeze box"
n02676566,403,n02676566,acoustic guitar
n02687172,404,n02687172,"aircraft carrier, carrier, flattop, attack aircraft carrier"
n02690373,405,n02690373,airliner
n02692877,406,n02692877,"airship, dirigible"
n02701002,407,n02701002,ambulance
n02704792,408,n02704792,"amphibian, amphibious vehicle"
n02708093,409,n02708093,analog clock
n02727426,410,n02727426,"apiary, bee house"
n02730930,411,n02730930,apron
n02747177,412,n02747177,"ashcan, trash can, garbage can, wastebin, ash bin, ash-bin, ashbin, dustbin, trash barrel, trash bin"
n02749479,413,n02749479,"assault rifle, assault gun"
n02769748,414,n02769748,"backpack, back pack, knapsack, packsack, rucksack, haversack"
n02782093,415,n02782093,balloon
n02783161,416,n02783161,"ballpoint, ballpoint pen, ballpen, Biro"
n02786058,417,n02786058,Band Aid
n02787622,418,n02787622,banjo
n02790996,419,n02790996,barbell
n02791124,420,n02791124,barber chair
n02793495,421,n02793495,barn
n02794156,422,n02794156,barometer
n02795169,423,n02795169,"barrel, cask"
n02797295,424,n02797295,"barrow, garden cart, lawn cart, wheelbarrow"
n02799071,425,n02799071,baseball
n02802426,426,n02802426,basketball
n02804414,427,n02804414,bassinet
n02804610,428,n02804610,bassoon
n02808304,429,n02808304,bath towel
n02808440,430,n02808440,"bathtub, bathing tub, bath, tub"
n02814533,431,n02814533,"beach wagon, station wagon, wagon, estate car, beach waggon, station waggon, waggon"
n02814860,432,n02814860,"beacon, lighthouse, beacon light, pharos"
n02815834,433,n02815834,beaker
n02817516,434,n02817516,"bearskin, busby, shako"
n02823428,435,n02823428,beer bottle
n02823750,436,n02823750,beer glass
n02834397,437,n02834397,bib
n02835271,438,n02835271,"bicycle-built-for-two, tandem bicycle, tandem"
n02840245,439,n02840245,"binder, ring-binder"
n02841315,440,n02841315,"binoculars, field glasses, opera glasses"
n02843684,441,n02843684,birdhouse
n02859443,442,n02859443,boathouse
n02860847,443,n02860847,"bobsled, bobsleigh, bob"
n02865351,444,n02865351,"bolo tie, bolo, bola tie, bola"
n02869837,445,n02869837,"bonnet, poke bonnet"
n02870880,446,n02870880,bookcase
n02879718,447,n02879718,bow
n02883205,448,n02883205,"bow tie, bow-tie, bowtie"
n02892201,449,n02892201,"brass, memorial tablet, plaque"
n02892767,450,n02892767,"brassiere, bra, bandeau"
n02895154,451,n02895154,"breastplate, aegis, egis"
n02906734,452,n02906734,broom
n02909870,453,n02909870,"bucket, pail"
n02910353,454,n02910353,buckle
n02916936,455,n02916936,bulletproof vest
n02917067,456,n02917067,"bullet train, bullet"
n02930766,457,n02930766,"cab, hack, taxi, taxicab"
n02939185,458,n02939185,"caldron, cauldron"
n02948072,459,n02948072,"candle, taper, wax light"
n02950826,460,n02950826,cannon
n02951358,461,n02951358,canoe
n02951585,462,n02951585,"can opener, tin opener"
n02963159,463,n02963159,cardigan
n02965783,464,n02965783,car mirror
n02966687,465,n02966687,"carpenter's kit, tool kit"
n02971356,466,n02971356,carton
n02978881,467,n02978881,cassette
n02979186,468,n02979186,cassette player
n02980441,469,n02980441,castle
n02981792,470,n02981792,catamaran
n02992211,471,n02992211,"cello, violoncello"
n02992529,472,n02992529,"cellular telephone, cellular phone, cellphone, cell, mobile phone"
n02999410,473,n02999410,chain
n03000134,474,n03000134,chainlink fence
n03000684,475,n03000684,"chain saw, chainsaw"
n03014705,476,n03014705,chest
n03016953,477,n03016953,"chiffonier, commode"
n03017168,478,n03017168,"chime, bell, gong"
n03018349,479,n03018349,"china cabinet, china closet"
n03026506,480,n03026506,Christmas stocking
n03028079,481,n03028079,"church, church building"
n03041632,482,n03041632,"cleaver, meat cleaver, chopper"
n03045698,483,n03045698,cloak
n03047690,484,n03047690,"clog, geta, patten, sabot"
n03062245,485,n03062245,cocktail shaker
n03063599,486,n03063599,coffee mug
n03063689,487,n03063689,coffeepot
n03075370,488,n03075370,combination lock
n03095699,489,n03095699,"container ship, containership, container vessel"
n03100240,490,n03100240,convertible
n03109150,491,n03109150,"corkscrew, bottle screw"
n03110669,492,n03110669,"cornet, horn, trumpet, trump"
n03124043,493,n03124043,cowboy boot
n03124170,494,n03124170,"cowboy hat, ten-gallon hat"
n03125729,495,n03125729,cradle
n03126707,496,n03126707,crane
n03127747,497,n03127747,crash helmet
n03127925,498,n03127925,crate
n03131574,499,n03131574,"crib, cot"
n03133878,500,n03133878,Crock Pot
n03134739,501,n03134739,croquet ball
n03141823,502,n03141823,crutch
n03146219,503,n03146219,cuirass
n03179701,504,n03179701,desk
n03187595,505,n03187595,"dial telephone, dial phone"
n03188531,506,n03188531,"diaper, nappy, napkin"
n03196217,507,n03196217,digital clock
n03197337,508,n03197337,digital watch
n03201208,509,n03201208,"dining table, board"
n03207743,510,n03207743,"dishrag, dishcloth"
n03207941,511,n03207941,"dishwasher, dish washer, dishwashing machine"
n03223299,512,n03223299,"doormat, welcome mat"
n03240683,513,n03240683,"drilling platform, offshore rig"
n03249569,514,n03249569,"drum, membranophone, tympan"
n03250847,515,n03250847,drumstick
n03255030,516,n03255030,dumbbell
n03259280,517,n03259280,Dutch oven
n03271574,518,n03271574,"electric fan, blower"
n03272010,519,n03272010,electric guitar
n03272562,520,n03272562,electric locomotive
n03291819,521,n03291819,envelope
n03297495,522,n03297495,espresso maker
n03314780,523,n03314780,face powder
n03325584,524,n03325584,"feather boa, boa"
n03337140,525,n03337140,"file, file cabinet, filing cabinet"
n03344393,526,n03344393,fireboat
n03345487,527,n03345487,"fire engine, fire truck"
n03347037,528,n03347037,"fire screen, fireguard"
n03355925,529,n03355925,"flagpole, flagstaff"
n03372029,530,n03372029,"flute, transverse flute"
n03376595,531,n03376595,folding chair
n03379051,532,n03379051,football helmet
n03384352,533,n03384352,forklift
n03388183,534,n03388183,fountain pen
n03388549,535,n03388549,four-poster
n03393912,536,n03393912,freight car
n03394916,537,n03394916,"French horn, horn"
n03400231,538,n03400231,"frying pan, frypan, skillet"
n03404251,539,n03404251,fur coat
n03417042,540,n03417042,"garbage truck, dustcart"
n03424325,541,n03424325,"gasmask, respirator, gas helmet"
n03425413,542,n03425413,"gas pump, gasoline pump, petrol pump, island dispenser"
n03443371,543,n03443371,goblet
n03444034,544,n03444034,go-kart
n03445777,545,n03445777,golf ball
n03445924,546,n03445924,"golfcart, golf cart"
n03447447,547,n03447447,gondola
n03447721,548,n03447721,"gong, tam-tam"
n03450230,549,n03450230,gown
n03452741,550,n03452741,"grand piano, grand"
n03467068,551,n03467068,guillotine
n03476684,552,n03476684,hair slide
n03476991,553,n03476991,hair spray
n03478589,554,n03478589,half track
n03481172,555,n03481172,hammer
n03482405,556,n03482405,hamper
n03483316,557,n03483316,"hand blower, blow dryer, blow drier, hair dryer, hair drier"
n03485407,558,n03485407,"hand-held computer, hand-held microcomputer"
n03485794,559,n03485794,"handkerchief, hankie, hanky, hankey"
n03492542,560,n03492542,"hard disc, hard disk, fixed disk"
n03494278,561,n03494278,"harmonica, mouth organ, harp, mouth harp"
n03495258,562,n03495258,harp
n03496892,563,n03496892,"harvester, reaper"
n03498962,564,n03498962,hatchet
n03527444,565,n03527444,holster
n03530642,566,n03530642,honeycomb
n03532672,567,n03532672,"hook, claw"
n03534580,568,n03534580,"hoopskirt, crinoline"
n03535780,569,n03535780,"horizontal bar, high bar"
n03538406,570,n03538406,"horse cart, horse-cart"
n03544143,571,n03544143,hourglass
n03584254,572,n03584254,iPod
n03584829,573,n03584829,"iron, smoothing iron"
n03590841,574,n03590841,jack-o'-lantern
n03594734,575,n03594734,"jean, blue jean, denim"
n03594945,576,n03594945,"jeep, landrover"
n03595614,577,n03595614,"jersey, T-shirt, tee shirt"
n03598930,578,n03598930,jigsaw puzzle
n03599486,579,n03599486,"jinrikisha, ricksha, rickshaw"
n03602883,580,n03602883,joystick
n03617480,581,n03617480,kimono
n03623198,582,n03623198,knee pad
n03627232,583,n03627232,knot
n03630383,584,n03630383,"lab coat, laboratory coat"
n03633091,585,n03633091,ladle
n03649909,586,n03649909,"lawn mower, mower"
n03657121,587,n03657121,"lens cap, lens cover"
n03658185,588,n03658185,"letter opener, paper knife, paperknife"
n03662601,589,n03662601,lifeboat
n03666591,590,n03666591,"lighter, light, igniter, ignitor"
n03670208,591,n03670208,"limousine, limo"
n03673027,592,n03673027,"liner, ocean liner"
n03676483,593,n03676483,"lipstick, lip rouge"
n03680355,594,n03680355,Loafer
n03690938,595,n03690938,lotion
n03691459,596,n03691459,"loudspeaker, speaker, speaker unit, loudspeaker system, speaker system"
n03692522,597,n03692522,"loupe, jeweler's loupe"
n03706229,598,n03706229,magnetic compass
n03709823,599,n03709823,"mailbag, postbag"
n03710193,600,n03710193,"mailbox, letter box"
n03717622,601,n03717622,manhole cover
n03720891,602,n03720891,maraca
n03721384,603,n03721384,"marimba, xylophone"
n03724870,604,n03724870,mask
n03729826,605,n03729826,matchstick
n03733131,606,n03733131,maypole
n03733805,607,n03733805,measuring cup
n03742115,608,n03742115,"medicine chest, medicine cabinet"
n03743016,609,n03743016,"megalith, megalithic structure"
n03759954,610,n03759954,"microphone, mike"
n03761084,611,n03761084,"microwave, microwave oven"
n03763968,612,n03763968,military uniform
n03764736,613,n03764736,milk can
n03769881,614,n03769881,minibus
n03770439,615,n03770439,"miniskirt, mini"
n03770679,616,n03770679,minivan
n03773504,617,n03773504,missile
n03775071,618,n03775071,mitten
n03775546,619,n03775546,mixing bowl
n03776460,620,n03776460,"mobile home, manufactured home"
n03777568,621,n03777568,Model T
n03777754,622,n03777754,modem
n03781244,623,n03781244,monastery
n03782006,624,n03782006,monitor
n03785016,625,n03785016,moped
n03786901,626,n03786901,mortar
n03787032,627,n03787032,mortarboard
n03788195,628,n03788195,mosque
n03788365,629,n03788365,mosquito net
n03791053,630,n03791053,"motor scooter, scooter"
n03792782,631,n03792782,"mountain bike, all-terrain bike, off-roader"
n03792972,632,n03792972,mountain tent
n03793489,633,n03793489,"mouse, computer mouse"
n03794056,634,n03794056,mousetrap
n03796401,635,n03796401,moving van
n03803284,636,n03803284,muzzle
n03804744,637,n03804744,nail
n03814639,638,n03814639,neck brace
n03814906,639,n03814906,necklace
n03825788,640,n03825788,nipple
n03832673,641,n03832673,"notebook, notebook computer"
n03837869,642,n03837869,obelisk
n03838899,643,n03838899,"oboe, hautboy, hautbois"
n03840681,644,n03840681,"ocarina, sweet potato"
n03841143,645,n03841143,"odometer, hodometer, mileometer, milometer"
n03843555,646,n03843555,oil filter
n03854065,647,n03854065,"organ, pipe organ"
n03857828,648,n03857828,"oscilloscope, scope, cathode-ray oscilloscope, CRO"
n03866082,649,n03866082,overskirt
n03868242,650,n03868242,oxcart
n03868863,651,n03868863,oxygen mask
n03873416,652,n03873416,"paddle, boat paddle"
n03874293,653,n03874293,"paddlewheel, paddle wheel"
n03874599,654,n03874599,padlock
n03876231,655,n03876231,paintbrush
n03877472,656,n03877472,"pajama, pyjama, pj's, jammies"
n03877845,657,n03877845,palace
n03884397,658,n03884397,"panpipe, pandean pipe, syrinx"
n03888257,659,n03888257,"parachute, chute"
n03888605,660,n03888605,"parallel bars, bars"
n03891251,661,n03891251,park bench
n03891332,662,n03891332,parking meter
n03895866,663,n03895866,"passenger car, coach, carriage"
n03902125,664,n03902125,"pay-phone, pay-station"
n03903868,665,n03903868,"pedestal, plinth, footstall"
n03908618,666,n03908618,"pencil box, pencil case"
n03908714,667,n03908714,pencil sharpener
n03916031,668,n03916031,"perfume, essence"
n03920288,669,n03920288,Petri dish
n03924679,670,n03924679,photocopier
n03929660,671,n03929660,"pick, plectrum, plectron"
n03929855,672,n03929855,pickelhaube
n03930313,673,n03930313,"picket fence, paling"
n03930630,674,n03930630,"pickup, pickup truck"
n03933933,675,n03933933,pier
n03935335,676,n03935335,"piggy bank, penny bank"
n03937543,677,n03937543,pill bottle
n03938244,678,n03938244,pillow
n03942813,679,n03942813,ping-pong ball
n03944341,680,n03944341,pinwheel
n03947888,681,n03947888,"pirate, pirate ship"
n03950228,682,n03950228,"pitcher, ewer"
n03954731,683,n03954731,"plane, carpenter's plane, woodworking plane"
n03956157,684,n03956157,planetarium
n03958227,685,n03958227,plastic bag
n03961711,686,n03961711,plate rack
n03970156,687,n03970156,"plunger, plumber's helper"
n03976467,688,n03976467,"Polaroid camera, Polaroid Land camera"
n03976657,689,n03976657,pole
n03977966,690,n03977966,"police van, police wagon, paddy wagon, patrol wagon, wagon, black Maria"
n03980874,691,n03980874,poncho
n03982430,692,n03982430,"pool table, billiard table, snooker table"
n03983396,693,n03983396,"pop bottle, soda bottle"
n03991062,694,n03991062,"pot, flowerpot"
n03992509,695,n03992509,potter's wheel
n03995372,696,n03995372,power drill
n03998194,697,n03998194,"prayer rug, prayer mat"
n04004767,698,n04004767,printer
n04005630,699,n04005630,"prison, prison house"
n04009552,700,n04009552,projector
n04019541,701,n04019541,"puck, hockey puck"
n04023962,702,n04023962,"punching bag, punch bag, punching ball, punchball"
n04026417,703,n04026417,purse
n04033901,704,n04033901,"quill, quill pen"
n04033995,705,n04033995,"quilt, comforter, comfort, puff"
n04037443,706,n04037443,"racer, race car, racing car"
n04039381,707,n04039381,"racket, racquet"
n04040759,708,n04040759,radiator
n04041544,709,n04041544,"radio, wireless"
n04044716,710,n04044716,"radio telescope, radio reflector"
n04049303,711,n04049303,rain barrel
n04065272,712,n04065272,"recreational vehicle, RV, R.V."
n04067472,713,n04067472,reel
n04069434,714,n04069434,reflex camera
n04070727,715,n04070727,"refrigerator, icebox"
n04074963,716,n04074963,"remote control, remote"
n04086273,717,n04086273,"revolver, six-gun, six-shooter"
n04090263,718,n04090263,rifle
n04099969,719,n04099969,"rocking chair, rocker"
n04116512,720,n04116512,"rubber eraser, rubber, pencil eraser"
n04118538,721,n04118538,rugby ball
n04118776,722,n04118776,"rule, ruler"
n04120489,723,n04120489,running shoe
n04125021,724,n04125021,safe
n04127249,725,n04127249,safety pin
n04131690,726,n04131690,"saltshaker, salt shaker"
n04133789,727,n04133789,sandal
n04136333,728,n04136333,sarong
n04141076,729,n04141076,"sax, saxophone"
n04141327,730,n04141327,scabbard
n04141975,731,n04141975,"scale, weighing machine"
n04146614,732,n04146614,school bus
n04147183,733,n04147183,schooner
n04149813,734,n04149813,scoreboard
n04153751,735,n04153751,screw
n04154565,736,n04154565,screwdriver
n04162706,737,n04162706,"seat belt, seatbelt"
n04179913,738,n04179913,sewing machine
n04192698,739,n04192698,"shield, buckler"
n04201297,740,n04201297,shoji
n04204238,741,n04204238,shopping basket
n04204347,742,n04204347,shopping cart
n04208210,743,n04208210,shovel
n04209133,744,n04209133,shower cap
n04209239,745,n04209239,shower curtain
n04228054,746,n04228054,ski
n04229816,747,n04229816,ski mask
n04235860,748,n04235860,sleeping bag
n04238763,749,n04238763,"slide rule, slipstick"
n04243546,750,n04243546,"slot, one-armed bandit"
n04252077,751,n04252077,snowmobile
n04252225,752,n04252225,"snowplow, snowplough"
n04254120,753,n04254120,soap dispenser
n04254680,754,n04254680,soccer ball
n04254777,755,n04254777,sock
n04258138,756,n04258138,"solar dish, solar collector, solar furnace"
n04259630,757,n04259630,sombrero
n04263257,758,n04263257,soup bowl
n04265275,759,n04265275,space heater
n04266014,760,n04266014,space shuttle
n04270147,761,n04270147,spatula
n04273569,762,n04273569,speedboat
n04275548,763,n04275548,"spider web, spider's web"
n04277352,764,n04277352,spindle
n04285008,765,n04285008,"sports car, sport car"
n04286575,766,n04286575,"spotlight, spot"
n04310018,767,n04310018,steam locomotive
n04311004,768,n04311004,steel arch bridge
n04311174,769,n04311174,steel drum
n04317175,770,n04317175,stethoscope
n04325704,771,n04325704,stole
n04326547,772,n04326547,stone wall
n04328186,773,n04328186,"stopwatch, stop watch"
n04330267,774,n04330267,stove
n04332243,775,n04332243,strainer
n04335435,776,n04335435,"streetcar, tram, tramcar, trolley, trolley car"
n04336792,777,n04336792,stretcher
n04344873,778,n04344873,"studio couch, day bed"
n04346328,779,n04346328,"stupa, tope"
n04347754,780,n04347754,"submarine, pigboat, sub, U-boat"
n04350905,781,n04350905,"suit, suit of clothes"
n04355338,782,n04355338,sundial
n04355933,783,n04355933,sunglass
n04366367,784,n04366367,suspension bridge
n04367480,785,n04367480,"swab, swob, mop"
n04370456,786,n04370456,sweatshirt
n04371430,787,n04371430,"swimming trunks, bathing trunks"
n04371774,788,n04371774,swing
n04376876,789,n04376876,syringe
n04380533,790,n04380533,table lamp
n04389033,791,n04389033,"tank, army tank, armored combat vehicle, armoured combat vehicle"
n04398044,792,n04398044,teapot
n04399382,793,n04399382,"teddy, teddy bear"
n04404412,794,n04404412,"television, television system"
n04409515,795,n04409515,tennis ball
n04417672,796,n04417672,"thatch, thatched roof"
n04418357,797,n04418357,"theater curtain, theatre curtain"
n04423845,798,n04423845,thimble
n04428191,799,n04428191,"thresher, thrasher, threshing machine"
n04429376,800,n04429376,throne
n04435653,801,n04435653,tile roof
n04442312,802,n04442312,toaster
n04447861,803,n04447861,toilet seat
n04456115,804,n04456115,torch
n04458633,805,n04458633,totem pole
n04461696,806,n04461696,"tow truck, tow car, wrecker"
n04465501,807,n04465501,tractor
n04467665,808,n04467665,"trailer truck, tractor trailer, trucking rig, rig, articulated lorry, semi"
n04476259,809,n04476259,tray
n04479046,810,n04479046,trench coat
n04482393,811,n04482393,"tricycle, trike, velocipede"
n04483307,812,n04483307,trimaran
n04485082,813,n04485082,tripod
n04486054,814,n04486054,triumphal arch
n04487081,815,n04487081,"trolleybus, trolley coach, trackless trolley"
n04487394,816,n04487394,trombone
n04505470,817,n04505470,typewriter keyboard
n04507155,818,n04507155,umbrella
n04509417,819,n04509417,"unicycle, monocycle"
n04515003,820,n04515003,"upright, upright piano"
n04517823,821,n04517823,"vacuum, vacuum cleaner"
n04522168,822,n04522168,vase
n04525038,823,n04525038,velvet
n04525305,824,n04525305,vending machine
n04532106,825,n04532106,vestment
n04532670,826,n04532670,viaduct
n04536866,827,n04536866,"violin, fiddle"
n04540053,828,n04540053,volleyball
n04542943,829,n04542943,waffle iron
n04548280,830,n04548280,wall clock
n04548362,831,n04548362,"wallet, billfold, notecase, pocketbook"
n04550184,832,n04550184,"wardrobe, closet, press"
n04552348,833,n04552348,"warplane, military plane"
n04553703,834,n04553703,"washbasin, handbasin, washbowl, lavabo, wash-hand basin"
n04554684,835,n04554684,"washer, automatic washer, washing machine"
n04557648,836,n04557648,water bottle
n04560804,837,n04560804,water jug
n04562935,838,n04562935,water tower
n04579145,839,n04579145,whiskey jug
n04579432,840,n04579432,whistle
n04584207,841,n04584207,wig
n04589890,842,n04589890,window screen
n04590129,843,n04590129,window shade
n04591157,844,n04591157,Windsor tie
n04591713,845,n04591713,wine bottle
n04596742,846,n04596742,wok
n04597913,847,n04597913,wooden spoon
n04604644,848,n04604644,"worm fence, snake fence, snake-rail fence, Virginia fence"
n04606251,849,n04606251,wreck
n04612504,850,n04612504,yawl
n04613696,851,n04613696,yurt
n06596364,852,n06596364,comic book
n06794110,853,n06794110,street sign
n06874185,854,n06874185,"traffic light, traffic signal, stoplight"
n07565083,855,n07565083,menu
n07579787,856,n07579787,plate
n07583066,857,n07583066,guacamole
n07584110,858,n07584110,consomme
n07613480,859,n07613480,trifle
n07614500,860,n07614500,"ice cream, icecream"
n07615774,861,n07615774,"ice lolly, lolly, lollipop, popsicle"
n07684084,862,n07684084,French loaf
n07693725,863,n07693725,"bagel, beigel"
n07695742,864,n07695742,pretzel
n07697313,865,n07697313,cheeseburger
n07697537,866,n07697537,"hotdog, hot dog, red hot"
n07711569,867,n07711569,mashed potato
n07714571,868,n07714571,head cabbage
n07714990,869,n07714990,broccoli
n07715103,870,n07715103,cauliflower
n07716358,871,n07716358,"zucchini, courgette"
n07716906,872,n07716906,spaghetti squash
n07717410,873,n07717410,acorn squash
n07717556,874,n07717556,butternut squash
n07718472,875,n07718472,"cucumber, cuke"
n07718747,876,n07718747,"artichoke, globe artichoke"
n07720875,877,n07720875,bell pepper
n07730033,878,n07730033,cardoon
n07734744,879,n07734744,mushroom
n07742313,880,n07742313,Granny Smith
n07745940,881,n07745940,strawberry
n07747607,882,n07747607,orange
n07749582,883,n07749582,lemon
n07753113,884,n07753113,fig
n07753275,885,n07753275,"pineapple, ananas"
n07753592,886,n07753592,banana
n07754684,887,n07754684,"jackfruit, jak, jack"
n07760859,888,n07760859,custard apple
n07768694,889,n07768694,pomegranate
n07802026,890,n07802026,hay
n07831146,891,n07831146,carbonara
n07860988,892,n07860988,dough
n07871810,893,n07871810,"meat loaf, meatloaf"
n07873807,894,n07873807,"pizza, pizza pie"
n07875152,895,n07875152,potpie
n07880968,896,n07880968,burrito
n07930864,897,n07930864,cup
n07932039,898,n07932039,eggnog
n09229709,899,n09229709,bubble
n09246464,900,n09246464,"cliff, drop, drop-off"
n09256479,901,n09256479,coral reef
n09835506,902,n09835506,"ballplayer, baseball player"
n10565667,903,n10565667,scuba diver
n11879895,904,n11879895,rapeseed
n11939491,905,n11939491,daisy
n12057211,906,n12057211,"yellow lady's slipper, yellow lady-slipper, Cypripedium calceolus, Cypripedium parviflorum"
n12144580,907,n12144580,corn
n12267677,908,n12267677,acorn
n12620546,909,n12620546,"hip, rose hip, rosehip"
n12768682,910,n12768682,"buckeye, horse chestnut, conker"
n12985857,911,n12985857,coral fungus
n12998815,912,n12998815,agaric
n13037406,913,n13037406,gyromitra
n13040303,914,n13040303,"stinkhorn, carrion fungus"
n13044778,915,n13044778,earthstar
n13052670,916,n13052670,"hen-of-the-woods, hen of the woods, Polyporus frondosus, Grifola frondosa"
n13054560,917,n13054560,bolete
n13133613,918,n13133613,"ear, spike, capitulum"
n15075141,919,n15075141,"toilet tissue, toilet paper, bathroom tissue"
